{"0": {"min": 0.4444929361343384, "max": 0.5969391465187073}, "1": {"min": 0.3286346197128296, "max": 0.595389723777771}, "2": {"min": 0.3314257562160492, "max": 0.5607334971427917}, "3": {"min": 0.31471019983291626, "max": 0.4815681576728821}, "4": {"min": 0.34140533208847046, "max": 0.6621299982070923}, "5": {"min": 0.32638534903526306, "max": 0.7015928626060486}, "6": {"min": 0.30484601855278015, "max": 0.5407237410545349}, "7": {"min": 0.2309010773897171, "max": 0.6067086458206177}, "8": {"min": 0.33553603291511536, "max": 0.4888555705547333}, "9": {"min": 0.3731417655944824, "max": 0.5597126483917236}, "10": {"min": 0.3228570818901062, "max": 0.5769780278205872}, "11": {"min": 0.17133139073848724, "max": 0.3426628112792969}, "12": {"min": 0.3369975686073303, "max": 0.5220674872398376}, "13": {"min": 0.420492947101593, "max": 0.5738238096237183}, "14": {"min": 0.34258612990379333, "max": 0.6066267490386963}, "15": {"min": 1.0478440337635675e-08, "max": 1.0478440337635675e-08}, "16": {"min": 0.1589801162481308, "max": 0.3179602324962616}, "17": {"min": 0.3295237123966217, "max": 0.6590474843978882}, "18": {"min": 0.3768620789051056, "max": 0.5639746189117432}, "19": {"min": 0.27433258295059204, "max": 0.5422425866127014}, "20": {"min": 0.3347821831703186, "max": 0.6483134031295776}, "21": {"min": 0.41506069898605347, "max": 0.7442297339439392}, "22": {"min": 0.08422913402318954, "max": 0.4772985875606537}, "23": {"min": 0.2594268321990967, "max": 0.983463704586029}, "24": {"min": 0.27898332476615906, "max": 0.7335337996482849}}