{"min_dist": 4.0311483928689995e-08, "max_dist": 1.0114070177078247, "min_bonus": 32.27376111959587, "max_bonus": 5232.901953726327, "max_raw_score": 1.5}